EmployeeID,DepartmentID,RateChangeDate,Rate,PayFrequency,LoginID,OrganizationLevel,JobTitle,BirthDate,MaritalStatus,Gender,HireDate,SalariedFlag,VacationHours,SickLeaveHours,CurrentFlag,ShiftID,StartDate,EndDate,ModifiedDate,DepartmentName,Sub-Department
40,7,00:00.0,25,2,adventure-works\jolynn0,3,Production Supervisor - WC60,1/13/1965,S,F,12/23/2016,0,82,61,1,3,12/23/2016,NULL,00:00.0,Production,Manufacturing
41,7,00:00.0,12.45,1,adventure-works\bryan0,4,Production Technician - WC60,8/25/1982,S,M,1/19/2018,0,35,37,1,3,1/19/2018,NULL,00:00.0,Production,Manufacturing
42,7,00:00.0,12.45,1,adventure-works\james0,4,Production Technician - WC60,7/23/1993,M,M,12/25/2017,0,39,39,1,3,12/25/2017,NULL,00:00.0,Production,Manufacturing
43,7,00:00.0,12.45,1,adventure-works\nancy0,4,Production Technician - WC60,11/17/1997,M,F,12/31/2017,0,34,37,1,3,12/31/2017,NULL,00:00.0,Production,Manufacturing
44,7,00:00.0,12.45,1,adventure-works\simon0,4,Production Technician - WC60,5/15/1999,S,M,12/6/2017,0,38,39,1,3,12/6/2017,NULL,00:00.0,Production,Manufacturing
45,7,00:00.0,12.45,1,adventure-works\thomas0,4,Production Technician - WC60,1/8/1995,M,M,2/24/2018,0,37,38,1,3,2/24/2018,NULL,00:00.0,Production,Manufacturing
46,7,00:00.0,12.45,1,adventure-works\eugene1,4,Production Technician - WC60,2/7/1985,S,M,2/6/2018,0,36,38,1,3,2/6/2018,NULL,00:00.0,Production,Manufacturing
55,7,00:00.0,25,2,adventure-works\taylor0,3,Production Supervisor - WC50,3/30/1965,M,M,2/5/2017,0,79,59,1,3,2/5/2017,NULL,00:00.0,Production,Manufacturing
56,7,00:00.0,11,1,adventure-works\denise0,4,Production Technician - WC50,7/4/1997,M,F,2/3/2018,0,9,24,1,3,2/3/2018,NULL,00:00.0,Production,Manufacturing
57,7,00:00.0,11,1,adventure-works\frank1,4,Production Technician - WC50,7/21/1980,S,M,2/21/2018,0,10,25,1,3,2/21/2018,NULL,00:00.0,Production,Manufacturing
58,7,00:00.0,11,1,adventure-works\kendall0,4,Production Technician - WC50,5/28/1995,M,M,12/3/2017,0,11,25,1,3,12/3/2017,NULL,00:00.0,Production,Manufacturing
59,7,00:00.0,11,1,adventure-works\bob0,4,Production Technician - WC50,8/13/1988,S,M,12/22/2017,0,12,26,1,3,12/22/2017,NULL,00:00.0,Production,Manufacturing
60,7,00:00.0,11,1,adventure-works\pete0,4,Production Technician - WC50,2/1/1986,S,M,1/9/2018,0,13,26,1,3,1/9/2018,NULL,00:00.0,Production,Manufacturing
61,7,00:00.0,11,1,adventure-works\diane2,4,Production Technician - WC50,8/7/1998,S,F,1/16/2018,0,8,24,1,3,1/16/2018,NULL,00:00.0,Production,Manufacturing
71,7,00:00.0,25,2,adventure-works\michael3,3,Production Supervisor - WC30,1/27/1998,S,M,2/13/2018,0,70,55,1,3,2/13/2018,NULL,00:00.0,Production,Manufacturing
72,7,00:00.0,9.5,1,adventure-works\steven0,4,Production Technician - WC30,5/12/1986,M,M,11/29/2017,0,41,40,1,3,11/29/2017,NULL,00:00.0,Production,Manufacturing
73,7,00:00.0,9.5,1,adventure-works\carole0,4,Production Technician - WC30,10/16/1992,M,F,12/17/2017,0,42,41,1,3,12/17/2017,NULL,00:00.0,Production,Manufacturing
74,7,00:00.0,9.5,1,adventure-works\bjorn0,4,Production Technician - WC30,11/4/1998,S,M,1/5/2018,0,43,41,1,3,1/5/2018,NULL,00:00.0,Production,Manufacturing
75,7,00:00.0,9.5,1,adventure-works\michiko0,4,Production Technician - WC30,6/25/1991,S,M,1/24/2018,0,44,42,1,3,1/24/2018,NULL,00:00.0,Production,Manufacturing
76,7,00:00.0,9.5,1,adventure-works\carol0,4,Production Technician - WC30,10/15/1997,M,F,2/10/2018,0,45,42,1,3,2/10/2018,NULL,00:00.0,Production,Manufacturing
77,7,00:00.0,9.5,1,adventure-works\merav0,4,Production Technician - WC30,5/10/1992,M,F,3/1/2018,0,46,43,1,3,3/1/2018,NULL,00:00.0,Production,Manufacturing
87,7,00:00.0,25,2,adventure-works\cristian0,3,Production Supervisor - WC10,4/9/1993,M,M,12/20/2017,0,67,53,1,3,12/20/2017,NULL,00:00.0,Production,Manufacturing
88,7,00:00.0,13.45,1,adventure-works\betsy0,4,Production Technician - WC10,12/15/1975,S,F,12/16/2018,0,99,69,1,3,12/16/2018,NULL,00:00.0,Production,Manufacturing
89,7,00:00.0,13.45,1,adventure-works\patrick0,4,Production Technician - WC10,9/8/1995,S,M,1/30/2019,0,96,68,1,3,1/30/2019,NULL,00:00.0,Production,Manufacturing
90,7,00:00.0,13.45,1,adventure-works\danielle0,4,Production Technician - WC10,9/5/1995,S,F,2/18/2019,0,97,68,1,3,2/18/2019,NULL,00:00.0,Production,Manufacturing
91,7,00:00.0,13.45,1,adventure-works\kimberly0,4,Production Technician - WC10,9/11/1995,S,F,1/10/2019,0,95,67,1,3,1/10/2019,NULL,00:00.0,Production,Manufacturing
92,7,00:00.0,13.45,1,adventure-works\tom0,4,Production Technician - WC10,9/29/1995,M,M,3/8/2019,0,98,69,1,3,3/8/2019,NULL,00:00.0,Production,Manufacturing
127,7,00:00.0,25,2,adventure-works\david4,3,Production Supervisor - WC40,6/29/1992,S,M,1/1/2018,0,73,56,1,3,1/1/2018,NULL,00:00.0,Production,Manufacturing
128,7,00:00.0,15,1,adventure-works\paul0,4,Production Technician - WC40,11/11/1989,S,M,12/2/2017,0,68,54,1,3,12/2/2017,NULL,00:00.0,Production,Manufacturing
129,7,00:00.0,15,1,adventure-works\gary0,4,Production Technician - WC40,5/14/1997,S,M,12/20/2017,0,69,54,1,3,12/20/2017,NULL,00:00.0,Production,Manufacturing
130,7,00:00.0,15,1,adventure-works\rob1,4,Production Technician - WC40,8/2/1982,S,M,2/11/2018,0,71,55,1,3,2/11/2018,NULL,00:00.0,Production,Manufacturing
131,7,00:00.0,15,1,adventure-works\baris0,4,Production Technician - WC40,10/5/1999,S,M,2/13/2018,0,72,56,1,3,2/13/2018,NULL,00:00.0,Production,Manufacturing
132,7,00:00.0,15,1,adventure-works\nicole0,4,Production Technician - WC40,4/7/1995,M,F,2/20/2018,0,67,53,1,3,2/20/2018,NULL,00:00.0,Production,Manufacturing
133,7,00:00.0,15,1,adventure-works\michael1,4,Production Technician - WC40,1/2/2000,S,M,1/8/2018,0,70,55,1,3,1/8/2018,NULL,00:00.0,Production,Manufacturing
180,7,00:00.0,25,2,adventure-works\katie0,3,Production Supervisor - WC20,11/16/1993,S,F,2/18/2018,0,42,41,1,3,2/18/2018,NULL,00:00.0,Production,Manufacturing
181,7,00:00.0,14,1,adventure-works\michael0,4,Production Technician - WC20,11/15/1993,S,M,12/7/2017,0,20,30,1,3,12/7/2017,NULL,00:00.0,Production,Manufacturing
182,7,00:00.0,14,1,adventure-works\nitin0,4,Production Technician - WC20,11/29/1995,S,M,12/26/2017,0,21,30,1,3,12/26/2017,NULL,00:00.0,Production,Manufacturing
183,7,00:00.0,14,1,adventure-works\barbara0,4,Production Technician - WC20,6/29/1988,M,F,1/20/2018,0,17,28,1,3,1/20/2018,NULL,00:00.0,Production,Manufacturing
184,7,00:00.0,14,1,adventure-works\john2,4,Production Technician - WC20,4/3/1995,M,M,2/7/2018,0,18,29,1,3,2/7/2018,NULL,00:00.0,Production,Manufacturing
185,7,00:00.0,14,1,adventure-works\stefen0,4,Production Technician - WC20,12/18/1984,S,M,2/26/2018,0,19,29,1,3,2/26/2018,NULL,00:00.0,Production,Manufacturing
205,7,00:00.0,25,2,adventure-works\lori0,3,Production Supervisor - WC45,7/16/1989,S,F,2/24/2018,0,76,58,1,3,2/24/2018,NULL,00:00.0,Production,Manufacturing
206,7,00:00.0,10,1,adventure-works\stuart0,4,Production Technician - WC45,9/11/1971,S,M,11/30/2017,0,84,62,1,3,11/30/2017,NULL,00:00.0,Production,Manufacturing
207,7,00:00.0,10,1,adventure-works\greg0,4,Production Technician - WC45,10/16/1979,S,M,11/30/2017,0,85,62,1,3,11/30/2017,NULL,00:00.0,Production,Manufacturing
208,7,00:00.0,10,1,adventure-works\scott0,4,Production Technician - WC45,2/8/1996,M,M,1/6/2018,0,86,63,1,3,1/6/2018,NULL,00:00.0,Production,Manufacturing
209,7,00:00.0,10,1,adventure-works\kathie0,4,Production Technician - WC45,10/30/1999,M,F,1/25/2018,0,87,63,1,3,1/25/2018,NULL,00:00.0,Production,Manufacturing
210,7,00:00.0,10,1,adventure-works\belinda0,4,Production Technician - WC45,9/15/1978,S,F,2/18/2018,0,83,61,1,3,2/18/2018,NULL,00:00.0,Production,Manufacturing
226,8,00:00.0,16,2,adventure-works\brian1,3,Scheduling Assistant,8/9/1993,M,M,3/1/2018,0,48,44,1,3,3/1/2018,NULL,00:00.0,Production Control,Manufacturing
218,12,00:00.0,16.8269,2,adventure-works\tengiz0,4,Control Specialist,4/26/1999,S,M,12/14/2017,0,76,58,1,3,12/14/2017,NULL,00:00.0,Document Control,Quality Assurance
213,13,00:00.0,10.5769,2,adventure-works\sootha0,4,Quality Assurance Technician,12/3/1975,M,M,2/21/2019,0,85,62,1,3,2/21/2019,NULL,00:00.0,Quality Assurance,Quality Assurance
229,14,00:00.0,9.25,1,adventure-works\lori1,4,Janitor,7/29/1979,M,F,2/14/2019,0,90,65,1,3,2/14/2019,NULL,00:00.0,Facilities and Maintenance,Executive General and Administration
231,14,00:00.0,9.25,1,adventure-works\jo1,4,Janitor,4/22/1963,M,F,3/5/2019,0,91,65,1,3,3/5/2019,NULL,00:00.0,Facilities and Maintenance,Executive General and Administration
124,15,00:00.0,9,1,adventure-works\kim0,4,Stocker,4/28/1993,S,F,12/24/2017,0,98,69,1,3,12/24/2017,NULL,00:00.0,Shipping and Receiving,Inventory Management
62,7,00:00.0,25,2,adventure-works\john0,3,Production Supervisor - WC60,8/5/1965,M,M,3/15/2017,0,81,60,1,2,3/15/2017,NULL,00:00.0,Production,Manufacturing
63,7,00:00.0,12.45,1,adventure-works\maciej0,4,Production Technician - WC60,1/28/1964,S,M,1/27/2019,0,30,35,1,2,1/27/2019,NULL,00:00.0,Production,Manufacturing
64,7,00:00.0,12.45,1,adventure-works\michael7,4,Production Technician - WC60,9/3/1982,S,M,2/21/2019,0,26,33,1,2,2/21/2019,NULL,00:00.0,Production,Manufacturing
65,7,00:00.0,12.45,1,adventure-works\randy0,4,Production Technician - WC60,4/26/1979,M,M,2/21/2019,0,29,34,1,2,2/21/2019,NULL,00:00.0,Production,Manufacturing
66,7,00:00.0,12.45,1,adventure-works\karan0,4,Production Technician - WC60,3/5/1979,S,M,12/20/2018,0,28,34,1,2,12/20/2018,NULL,00:00.0,Production,Manufacturing
67,7,00:00.0,12.45,1,adventure-works\jay0,4,Production Technician - WC60,2/8/1985,S,M,3/3/2018,0,32,36,1,2,3/3/2018,NULL,00:00.0,Production,Manufacturing
68,7,00:00.0,12.45,1,adventure-works\charles0,4,Production Technician - WC60,8/30/1980,S,M,12/1/2018,0,27,33,1,2,12/1/2018,NULL,00:00.0,Production,Manufacturing
69,7,00:00.0,12.45,1,adventure-works\steve0,4,Production Technician - WC60,4/3/2000,S,M,2/13/2018,0,31,35,1,2,2/13/2018,NULL,00:00.0,Production,Manufacturing
70,7,00:00.0,12.45,1,adventure-works\david2,4,Production Technician - WC60,12/27/1993,M,M,12/13/2017,0,33,36,1,2,12/13/2017,NULL,00:00.0,Production,Manufacturing
78,7,00:00.0,25,2,adventure-works\reuben0,3,Production Supervisor - WC40,8/24/1996,M,M,12/13/2017,0,72,56,1,2,12/13/2017,NULL,00:00.0,Production,Manufacturing
79,7,00:00.0,15,1,adventure-works\eric1,4,Production Technician - WC40,12/6/1975,M,M,1/22/2019,0,60,50,1,2,1/22/2019,NULL,00:00.0,Production,Manufacturing
80,7,00:00.0,15,1,adventure-works\sandeep0,4,Production Technician - WC40,12/1/1979,S,M,1/15/2019,0,65,52,1,2,1/15/2019,NULL,00:00.0,Production,Manufacturing
81,7,00:00.0,15,1,adventure-works\mihail0,4,Production Technician - WC40,3/6/1980,S,M,12/27/2018,0,64,52,1,2,12/27/2018,NULL,00:00.0,Production,Manufacturing
82,7,00:00.0,15,1,adventure-works\jack1,4,Production Technician - WC40,8/27/1982,S,M,3/1/2019,0,62,51,1,2,3/1/2019,NULL,00:00.0,Production,Manufacturing
83,7,00:00.0,15,1,adventure-works\patrick1,4,Production Technician - WC40,12/21/1982,M,M,2/10/2019,0,61,50,1,2,2/10/2019,NULL,00:00.0,Production,Manufacturing
84,7,00:00.0,15,1,adventure-works\frank3,4,Production Technician - WC40,2/28/1961,M,M,2/3/2019,0,66,53,1,2,2/3/2019,NULL,00:00.0,Production,Manufacturing
85,7,00:00.0,15,1,adventure-works\brian2,4,Production Technician - WC40,12/21/1979,S,M,12/9/2018,0,63,51,1,2,12/9/2018,NULL,00:00.0,Production,Manufacturing
86,7,00:00.0,15,1,adventure-works\ryan0,4,Production Technician - WC40,6/11/1981,M,M,1/3/2018,0,59,49,1,2,1/3/2018,NULL,00:00.0,Production,Manufacturing
93,7,00:00.0,25,2,adventure-works\kok-ho0,3,Production Supervisor - WC50,4/26/1989,S,M,12/25/2017,0,78,59,1,2,12/25/2017,NULL,00:00.0,Production,Manufacturing
94,7,00:00.0,11,1,adventure-works\russell0,4,Production Technician - WC50,11/23/1981,M,M,12/10/2017,0,6,23,1,2,12/10/2017,NULL,00:00.0,Production,Manufacturing
95,7,00:00.0,11,1,adventure-works\jim0,4,Production Technician - WC50,9/6/1995,M,M,12/17/2017,0,1,20,1,2,12/17/2017,NULL,00:00.0,Production,Manufacturing
96,7,00:00.0,11,1,adventure-works\elizabeth0,4,Production Technician - WC50,1/23/1999,M,F,2/28/2018,0,5,22,1,2,2/28/2018,NULL,00:00.0,Production,Manufacturing
97,7,00:00.0,11,1,adventure-works\mandar0,4,Production Technician - WC50,3/19/1995,S,M,2/8/2018,0,0,20,1,2,2/8/2018,NULL,00:00.0,Production,Manufacturing
98,7,00:00.0,11,1,adventure-works\sameer0,4,Production Technician - WC50,6/24/1987,M,M,2/9/2018,0,4,22,1,2,2/9/2018,NULL,00:00.0,Production,Manufacturing
99,7,00:00.0,11,1,adventure-works\nuan0,4,Production Technician - WC50,3/26/1988,S,M,1/4/2018,0,2,21,1,2,1/4/2018,NULL,00:00.0,Production,Manufacturing
100,7,00:00.0,11,1,adventure-works\lolan0,4,Production Technician - WC50,1/22/1982,M,M,1/10/2018,0,7,23,1,2,1/10/2018,NULL,00:00.0,Production,Manufacturing
101,7,00:00.0,11,1,adventure-works\houman0,4,Production Technician - WC50,8/27/1980,M,M,1/23/2018,0,3,21,1,2,1/23/2018,NULL,00:00.0,Production,Manufacturing
102,7,00:00.0,25,2,adventure-works\zheng0,3,Production Supervisor - WC10,10/23/1992,S,M,12/1/2017,0,66,53,1,2,12/1/2017,NULL,00:00.0,Production,Manufacturing
103,7,00:00.0,13.45,1,adventure-works\ebru0,4,Production Technician - WC10,9/20/1995,S,M,12/4/2018,0,93,66,1,2,12/4/2018,NULL,00:00.0,Production,Manufacturing
104,7,00:00.0,13.45,1,adventure-works\mary1,4,Production Technician - WC10,9/17/1995,M,F,12/23/2018,0,94,67,1,2,12/23/2018,NULL,00:00.0,Production,Manufacturing
105,7,00:00.0,13.45,1,adventure-works\kevin2,4,Production Technician - WC10,9/17/1995,S,M,12/23/2018,0,90,65,1,2,12/23/2018,NULL,00:00.0,Production,Manufacturing
106,7,00:00.0,13.45,1,adventure-works\john4,4,Production Technician - WC10,9/26/1995,S,M,2/25/2019,0,92,66,1,2,2/25/2019,NULL,00:00.0,Production,Manufacturing
107,7,00:00.0,13.45,1,adventure-works\christopher0,4,Production Technician - WC10,9/29/1995,M,M,2/6/2019,0,91,65,1,2,2/6/2019,NULL,00:00.0,Production,Manufacturing
145,7,00:00.0,25,2,adventure-works\cynthia0,3,Production Supervisor - WC30,8/16/1990,S,F,1/25/2018,0,69,54,1,2,1/25/2018,NULL,00:00.0,Production,Manufacturing
146,7,00:00.0,9.5,1,adventure-works\jianshuo0,4,Production Technician - WC30,6/23/1998,S,M,12/5/2017,0,36,38,1,2,12/5/2017,NULL,00:00.0,Production,Manufacturing
147,7,00:00.0,9.5,1,adventure-works\sandra0,4,Production Technician - WC30,11/2/1984,M,F,12/24/2017,0,37,38,1,2,12/24/2017,NULL,00:00.0,Production,Manufacturing
148,7,00:00.0,9.5,1,adventure-works\jason0,4,Production Technician - WC30,12/5/1997,S,M,1/12/2018,0,38,39,1,2,1/12/2018,NULL,00:00.0,Production,Manufacturing
149,7,00:00.0,9.5,1,adventure-works\andy0,4,Production Technician - WC30,10/17/1992,M,M,1/29/2018,0,39,39,1,2,1/29/2018,NULL,00:00.0,Production,Manufacturing
150,7,00:00.0,9.5,1,adventure-works\michael5,4,Production Technician - WC30,9/16/1991,M,M,2/24/2018,0,35,37,1,2,2/24/2018,NULL,00:00.0,Production,Manufacturing
151,7,00:00.0,9.5,1,adventure-works\rostislav0,4,Production Technician - WC30,9/11/1986,M,M,2/17/2018,0,40,40,1,2,2/17/2018,NULL,00:00.0,Production,Manufacturing
152,7,00:00.0,25,2,adventure-works\yuhong0,3,Production Supervisor - WC20,4/4/1986,M,M,1/30/2018,0,41,40,1,2,1/30/2018,NULL,00:00.0,Production,Manufacturing
153,7,00:00.0,14,1,adventure-works\hanying0,4,Production Technician - WC20,10/14/1983,S,M,12/14/2017,0,15,27,1,2,12/14/2017,NULL,00:00.0,Production,Manufacturing
154,7,00:00.0,14,1,adventure-works\raymond0,4,Production Technician - WC20,2/28/1976,M,M,12/21/2017,0,10,25,1,2,12/21/2017,NULL,00:00.0,Production,Manufacturing
155,7,00:00.0,14,1,adventure-works\fadi0,4,Production Technician - WC20,2/13/1998,S,M,1/2/2018,0,16,28,1,2,1/2/2018,NULL,00:00.0,Production,Manufacturing
156,7,00:00.0,14,1,adventure-works\lane0,4,Production Technician - WC20,9/21/1983,M,M,1/9/2018,0,11,25,1,2,1/9/2018,NULL,00:00.0,Production,Manufacturing
157,7,00:00.0,14,1,adventure-works\linda1,4,Production Technician - WC20,10/3/1986,S,F,2/1/2018,0,12,26,1,2,2/1/2018,NULL,00:00.0,Production,Manufacturing
158,7,00:00.0,14,1,adventure-works\shelley0,4,Production Technician - WC20,12/6/1995,S,F,3/5/2018,0,14,27,1,2,3/5/2018,NULL,00:00.0,Production,Manufacturing
159,7,00:00.0,14,1,adventure-works\terrence0,4,Production Technician - WC20,12/6/1993,S,M,2/14/2018,0,13,26,1,2,2/14/2018,NULL,00:00.0,Production,Manufacturing
186,7,00:00.0,25,2,adventure-works\shane0,3,Production Supervisor - WC45,5/22/1999,S,M,2/6/2018,0,75,57,1,2,2/6/2018,NULL,00:00.0,Production,Manufacturing
187,7,00:00.0,10,1,adventure-works\yvonne0,4,Production Technician - WC45,4/13/1998,M,F,12/7/2017,0,79,59,1,2,12/7/2017,NULL,00:00.0,Production,Manufacturing
188,7,00:00.0,10,1,adventure-works\douglas0,4,Production Technician - WC45,11/22/1994,M,M,12/25/2017,0,80,60,1,2,12/25/2017,NULL,00:00.0,Production,Manufacturing
189,7,00:00.0,10,1,adventure-works\janeth0,4,Production Technician - WC45,7/22/1981,S,F,1/13/2018,0,81,60,1,2,1/13/2018,NULL,00:00.0,Production,Manufacturing
190,7,00:00.0,10,1,adventure-works\robert0,4,Production Technician - WC45,2/26/1994,S,M,1/31/2018,0,82,61,1,2,1/31/2018,NULL,00:00.0,Production,Manufacturing
191,7,00:00.0,10,1,adventure-works\lionel0,4,Production Technician - WC45,3/12/1997,S,M,2/24/2018,0,78,59,1,2,2/24/2018,NULL,00:00.0,Production,Manufacturing
225,8,00:00.0,16,2,adventure-works\alan0,3,Scheduling Assistant,3/27/1993,M,M,2/11/2018,0,47,43,1,2,2/11/2018,NULL,00:00.0,Production Control,Manufacturing
265,11,00:00.0,32.4519,2,adventure-works\ashvini0,3,Network Administrator,3/25/1986,S,M,12/2/2017,0,70,55,1,2,12/2/2017,NULL,00:00.0,Information Services,Executive General and Administration
221,12,00:00.0,16.8269,2,adventure-works\chris1,4,Control Specialist,5/23/1996,M,M,3/4/2018,0,75,57,1,2,3/4/2018,NULL,00:00.0,Document Control,Quality Assurance
214,13,00:00.0,10.5769,2,adventure-works\andreas0,4,Quality Assurance Technician,3/26/1998,M,M,1/31/2018,0,84,62,1,2,1/31/2018,NULL,00:00.0,Quality Assurance,Quality Assurance
230,14,00:00.0,9.25,1,adventure-works\stuart1,4,Janitor,12/14/1980,M,M,3/3/2019,0,88,64,1,2,3/3/2019,NULL,00:00.0,Facilities and Maintenance,Executive General and Administration
232,14,00:00.0,9.25,1,adventure-works\pat0,4,Janitor,12/1/1979,S,M,1/25/2019,0,89,64,1,2,1/25/2019,NULL,00:00.0,Facilities and Maintenance,Executive General and Administration
122,15,00:00.0,9,1,adventure-works\susan0,4,Stocker,2/15/1987,S,F,12/5/2017,0,97,68,1,2,12/5/2017,NULL,00:00.0,Shipping and Receiving,Inventory Management
123,15,00:00.0,9.5,2,adventure-works\vamsi0,4,Shipping and Receiving Clerk,3/16/1986,M,M,12/5/2017,0,95,67,1,2,12/5/2017,NULL,00:00.0,Shipping and Receiving,Inventory Management
2,1,00:00.0,63.4615,2,adventure-works\terri0,1,Vice President of Engineering,7/29/1980,S,F,1/28/2017,1,1,20,1,1,1/28/2017,NULL,00:00.0,Engineering,Research and Development
3,1,00:00.0,43.2692,2,adventure-works\roberto0,2,Engineering Manager,11/10/1983,M,M,11/8/2016,1,2,21,1,1,11/8/2016,NULL,00:00.0,Engineering,Research and Development
4,1,00:00.0,8.62,2,adventure-works\rob0,3,Senior Tool Designer,12/21/1983,S,M,12/2/2016,0,48,80,1,1,12/2/2016,5/28/2019,00:00.0,Engineering,Research and Development
5,1,00:00.0,32.6923,2,adventure-works\gail0,3,Design Engineer,9/25/1961,M,F,1/3/2017,1,5,22,1,1,1/3/2017,NULL,00:00.0,Engineering,Research and Development
6,1,00:00.0,32.6923,2,adventure-works\jossef0,3,Design Engineer,3/8/1968,M,M,1/21/2017,1,6,23,1,1,1/21/2017,NULL,00:00.0,Engineering,Research and Development
14,1,00:00.0,36.0577,2,adventure-works\michael8,3,Senior Design Engineer,6/13/1988,S,M,12/28/2019,1,3,21,1,1,12/28/2019,NULL,00:00.0,Engineering,Research and Development
15,1,00:00.0,32.6923,2,adventure-works\sharon0,3,Design Engineer,4/30/1970,M,F,1/16/2020,1,4,22,1,1,1/16/2020,NULL,00:00.0,Engineering,Research and Development
4,2,00:00.0,8.62,2,adventure-works\rob0,3,Senior Tool Designer,12/21/1983,S,M,12/2/2016,0,48,80,1,1,5/29/2019,NULL,00:00.0,Tool Design,Research and Development
4,2,00:00.0,23.72,2,adventure-works\rob0,3,Senior Tool Designer,12/21/1983,S,M,12/2/2016,0,48,80,1,1,5/29/2019,NULL,00:00.0,Tool Design,Research and Development
11,2,00:00.0,28.8462,2,adventure-works\ovidiu0,3,Senior Tool Designer,1/15/1987,S,M,12/3/2019,0,7,23,1,1,12/3/2019,NULL,00:00.0,Tool Design,Research and Development
12,2,00:00.0,25,2,adventure-works\thierry0,4,Tool Designer,7/26/1968,M,M,12/8/2016,0,9,24,1,1,12/8/2016,NULL,00:00.0,Tool Design,Research and Development
13,2,00:00.0,25,2,adventure-works\janice0,4,Tool Designer,5/26/1998,M,F,12/21/2019,0,8,24,1,1,12/21/2019,NULL,00:00.0,Tool Design,Research and Development
273,3,00:00.0,72.1154,2,adventure-works\brian3,1,Vice President of Sales,6/4/1986,S,M,2/13/2020,1,10,25,1,1,2/13/2020,NULL,00:00.0,Sales,Sales and Marketing
274,3,00:00.0,48.101,2,adventure-works\stephen0,2,North American Sales Manager,10/14/1960,M,M,1/2/2020,1,14,27,1,1,1/2/2020,NULL,00:00.0,Sales,Sales and Marketing
275,3,00:00.0,23.0769,2,adventure-works\michael9,3,Sales Representative,12/23/1977,S,M,5/28/2020,1,38,39,1,1,5/28/2020,NULL,00:00.0,Sales,Sales and Marketing
276,3,00:00.0,23.0769,2,adventure-works\linda3,3,Sales Representative,2/24/1989,M,F,5/28/2020,1,27,33,1,1,5/28/2020,NULL,00:00.0,Sales,Sales and Marketing
277,3,00:00.0,23.0769,2,adventure-works\jillian0,3,Sales Representative,8/27/1971,S,F,5/28/2020,1,24,32,1,1,5/28/2020,NULL,00:00.0,Sales,Sales and Marketing
278,3,00:00.0,23.0769,2,adventure-works\garrett1,3,Sales Representative,2/2/1984,M,M,5/28/2020,1,33,36,1,1,5/28/2020,NULL,00:00.0,Sales,Sales and Marketing
279,3,00:00.0,23.0769,2,adventure-works\tsvi0,3,Sales Representative,1/16/1983,M,M,5/28/2020,1,29,34,1,1,5/28/2020,NULL,00:00.0,Sales,Sales and Marketing
280,3,00:00.0,23.0769,2,adventure-works\pamela0,3,Sales Representative,12/4/1983,S,F,5/28/2020,1,22,31,1,1,5/28/2020,NULL,00:00.0,Sales,Sales and Marketing
281,3,00:00.0,23.0769,2,adventure-works\shu0,3,Sales Representative,3/7/1977,M,M,5/28/2020,1,26,33,1,1,5/28/2020,NULL,00:00.0,Sales,Sales and Marketing
282,3,00:00.0,23.0769,2,adventure-works\josé1,3,Sales Representative,12/8/1972,M,M,5/28/2020,1,31,35,1,1,5/28/2020,NULL,00:00.0,Sales,Sales and Marketing
283,3,00:00.0,23.0769,2,adventure-works\david8,3,Sales Representative,2/9/1983,S,M,5/28/2020,1,23,31,1,1,5/28/2020,NULL,00:00.0,Sales,Sales and Marketing
284,3,00:00.0,23.0769,2,adventure-works\tete0,3,Sales Representative,1/3/1987,M,M,9/28/2021,1,39,39,1,1,9/28/2021,NULL,00:00.0,Sales,Sales and Marketing
285,3,00:00.0,48.101,2,adventure-works\syed0,2,Pacific Sales Manager,1/9/1984,M,M,3/12/2022,1,20,30,1,1,3/12/2022,NULL,00:00.0,Sales,Sales and Marketing
286,3,00:00.0,23.0769,2,adventure-works\lynn0,3,Sales Representative,2/12/1986,S,F,5/28/2022,1,36,38,1,1,5/28/2022,NULL,00:00.0,Sales,Sales and Marketing
287,3,00:00.0,48.101,2,adventure-works\amy0,2,European Sales Manager,9/18/1966,M,F,4/14/2021,1,21,30,1,1,4/14/2021,NULL,00:00.0,Sales,Sales and Marketing
288,3,00:00.0,23.0769,2,adventure-works\rachel0,3,Sales Representative,7/6/1984,S,F,5/28/2022,1,35,37,1,1,5/28/2022,NULL,00:00.0,Sales,Sales and Marketing
289,3,00:00.0,23.0769,2,adventure-works\jae0,3,Sales Representative,3/15/1977,M,F,5/28/2021,1,37,38,1,1,5/28/2021,NULL,00:00.0,Sales,Sales and Marketing
290,3,00:00.0,23.0769,2,adventure-works\ranjit0,3,Sales Representative,9/27/1984,S,M,5/28/2021,1,34,37,1,1,5/28/2021,NULL,00:00.0,Sales,Sales and Marketing
16,4,00:00.0,24,2,adventure-works\david0,1,Marketing Manager,3/16/1984,S,M,12/17/2016,1,40,40,1,1,7/13/2018,NULL,00:00.0,Marketing,Sales and Marketing
16,4,00:00.0,28.75,2,adventure-works\david0,1,Marketing Manager,3/16/1984,S,M,12/17/2016,1,40,40,1,1,7/13/2018,NULL,00:00.0,Marketing,Sales and Marketing
17,4,00:00.0,13.4615,2,adventure-works\kevin0,2,Marketing Assistant,4/30/1996,S,M,1/24/2016,0,42,41,1,1,1/24/2016,NULL,00:00.0,Marketing,Sales and Marketing
18,4,00:00.0,14.4231,2,adventure-works\john5,2,Marketing Specialist,3/4/1987,S,M,2/5/2020,0,48,44,1,1,2/5/2020,NULL,00:00.0,Marketing,Sales and Marketing
19,4,00:00.0,13.4615,2,adventure-works\mary2,2,Marketing Assistant,1/27/1987,S,F,2/12/2020,0,43,41,1,1,2/12/2020,NULL,00:00.0,Marketing,Sales and Marketing
20,4,00:00.0,13.4615,2,adventure-works\wanida0,2,Marketing Assistant,3/14/1984,M,F,1/5/2020,0,41,40,1,1,1/5/2020,NULL,00:00.0,Marketing,Sales and Marketing
21,4,00:00.0,14.4231,2,adventure-works\terry0,2,Marketing Specialist,2/2/1995,M,M,2/28/2018,0,44,42,1,1,2/28/2018,NULL,00:00.0,Marketing,Sales and Marketing
22,4,00:00.0,14.4231,2,adventure-works\sariya0,2,Marketing Specialist,5/18/1996,S,M,12/10/2017,0,45,42,1,1,12/10/2017,NULL,00:00.0,Marketing,Sales and Marketing
23,4,00:00.0,14.4231,2,adventure-works\mary0,2,Marketing Specialist,9/11/1971,M,F,1/10/2018,0,46,43,1,1,1/10/2018,NULL,00:00.0,Marketing,Sales and Marketing
24,4,00:00.0,14.4231,2,adventure-works\jill0,2,Marketing Specialist,6/15/1988,M,F,1/16/2018,0,47,43,1,1,1/16/2018,NULL,00:00.0,Marketing,Sales and Marketing
250,4,00:00.0,9.86,2,adventure-works\sheela0,3,Purchasing Manager,2/8/1987,S,F,2/23/2020,1,49,44,1,1,2/23/2020,7/27/2020,00:00.0,Marketing,Sales and Marketing
16,5,00:00.0,24,2,adventure-works\david0,1,Marketing Manager,3/16/1984,S,M,12/17/2016,1,40,40,1,1,12/17/2016,7/12/2018,00:00.0,Purchasing,Inventory Management
250,5,00:00.0,9.86,2,adventure-works\sheela0,3,Purchasing Manager,2/8/1987,S,F,2/23/2020,1,49,44,1,1,7/13/2021,NULL,00:00.0,Purchasing,Inventory Management
250,5,00:00.0,22.5,2,adventure-works\sheela0,3,Purchasing Manager,2/8/1987,S,F,2/23/2020,1,49,44,1,1,7/13/2021,NULL,00:00.0,Purchasing,Inventory Management
250,5,00:00.0,30,2,adventure-works\sheela0,3,Purchasing Manager,2/8/1987,S,F,2/23/2020,1,49,44,1,1,7/13/2021,NULL,00:00.0,Purchasing,Inventory Management
251,5,00:00.0,18.2692,2,adventure-works\mikael0,4,Buyer,8/15/1993,S,M,2/8/2018,0,59,49,1,1,2/8/2018,NULL,00:00.0,Purchasing,Inventory Management
252,5,00:00.0,18.2692,2,adventure-works\arvind0,4,Buyer,8/19/1983,M,M,2/26/2018,0,60,50,1,1,2/26/2018,NULL,00:00.0,Purchasing,Inventory Management
253,5,00:00.0,18.2692,2,adventure-works\linda2,4,Buyer,11/28/1979,M,F,12/15/2018,0,56,48,1,1,12/15/2018,NULL,00:00.0,Purchasing,Inventory Management
254,5,00:00.0,18.2692,2,adventure-works\fukiko0,4,Buyer,11/22/1979,M,M,1/2/2019,0,57,48,1,1,1/2/2019,NULL,00:00.0,Purchasing,Inventory Management
255,5,00:00.0,18.2692,2,adventure-works\gordon0,4,Buyer,11/27/1975,M,M,1/9/2019,0,52,46,1,1,1/9/2019,NULL,00:00.0,Purchasing,Inventory Management
256,5,00:00.0,18.2692,2,adventure-works\frank2,4,Buyer,5/10/1961,M,M,1/21/2019,0,58,49,1,1,1/21/2019,NULL,00:00.0,Purchasing,Inventory Management
257,5,00:00.0,18.2692,2,adventure-works\eric2,4,Buyer,9/15/1981,S,M,1/25/2019,0,54,47,1,1,1/25/2019,NULL,00:00.0,Purchasing,Inventory Management
258,5,00:00.0,18.2692,2,adventure-works\erin0,4,Buyer,1/2/1980,S,F,1/29/2019,0,53,46,1,1,1/29/2019,NULL,00:00.0,Purchasing,Inventory Management
259,5,00:00.0,18.2692,2,adventure-works\ben0,4,Buyer,6/1/1982,M,M,3/7/2019,0,55,47,1,1,3/7/2019,NULL,00:00.0,Purchasing,Inventory Management
260,5,00:00.0,12.75,2,adventure-works\annette0,4,Purchasing Assistant,1/27/1987,M,F,12/4/2019,0,50,45,1,1,12/4/2019,NULL,00:00.0,Purchasing,Inventory Management
261,5,00:00.0,12.75,2,adventure-works\reinout0,4,Purchasing Assistant,1/15/1987,M,M,12/23/2019,0,51,45,1,1,12/23/2019,NULL,00:00.0,Purchasing,Inventory Management
7,6,00:00.0,50.4808,2,adventure-works\dylan0,3,Research and Development Manager,2/22/1996,M,M,2/6/2018,1,61,50,1,1,2/6/2018,NULL,00:00.0,Research and Development,Research and Development
8,6,00:00.0,40.8654,2,adventure-works\diane1,4,Research and Development Engineer,6/3/1995,S,F,12/27/2017,1,62,51,1,1,12/27/2017,NULL,00:00.0,Research and Development,Research and Development
9,6,00:00.0,40.8654,2,adventure-works\gigi0,4,Research and Development Engineer,1/19/1988,M,F,1/14/2018,1,63,51,1,1,1/14/2018,NULL,00:00.0,Research and Development,Research and Development
10,6,00:00.0,42.4808,2,adventure-works\michael6,4,Research and Development Manager,11/28/1993,M,M,5/1/2018,1,16,64,1,1,5/1/2018,NULL,00:00.0,Research and Development,Research and Development
25,7,00:00.0,84.1346,2,adventure-works\james1,1,Vice President of Production,1/5/1992,S,M,2/1/2018,1,64,52,1,1,2/1/2018,NULL,00:00.0,Production,Manufacturing
27,7,00:00.0,25,2,adventure-works\jo0,3,Production Supervisor - WC60,10/6/1965,S,F,2/24/2017,0,80,60,1,1,2/24/2017,NULL,00:00.0,Production,Manufacturing
28,7,00:00.0,12.45,1,adventure-works\guy1,4,Production Technician - WC60,3/11/1997,M,M,6/28/2015,0,21,30,1,1,6/28/2015,NULL,00:00.0,Production,Manufacturing
29,7,00:00.0,12.45,1,adventure-works\mark1,4,Production Technician - WC60,9/22/1988,S,M,1/21/2018,0,19,29,1,1,1/21/2018,NULL,00:00.0,Production,Manufacturing
30,7,00:00.0,12.45,1,adventure-works\britta0,4,Production Technician - WC60,9/26/1998,M,F,1/27/2018,0,14,27,1,1,1/27/2018,NULL,00:00.0,Production,Manufacturing
31,7,00:00.0,12.45,1,adventure-works\margie0,4,Production Technician - WC60,5/18/1995,M,F,1/2/2018,0,18,29,1,1,1/2/2018,NULL,00:00.0,Production,Manufacturing
32,7,00:00.0,12.45,1,adventure-works\rebecca0,4,Production Technician - WC60,7/8/1986,M,F,12/27/2017,0,23,31,1,1,12/27/2017,NULL,00:00.0,Production,Manufacturing
33,7,00:00.0,12.45,1,adventure-works\annik0,4,Production Technician - WC60,12/24/1985,M,M,12/15/2017,0,17,28,1,1,12/15/2017,NULL,00:00.0,Production,Manufacturing
34,7,00:00.0,12.45,1,adventure-works\suchitra0,4,Production Technician - WC60,6/7/1996,M,F,2/14/2018,0,15,27,1,1,2/14/2018,NULL,00:00.0,Production,Manufacturing
35,7,00:00.0,12.45,1,adventure-works\brandon0,4,Production Technician - WC60,1/8/1986,M,M,2/6/2018,0,22,31,1,1,2/6/2018,NULL,00:00.0,Production,Manufacturing
36,7,00:00.0,12.45,1,adventure-works\jose0,4,Production Technician - WC60,7/29/1993,M,M,2/8/2018,0,20,30,1,1,2/8/2018,NULL,00:00.0,Production,Manufacturing
37,7,00:00.0,12.45,1,adventure-works\chris2,4,Production Technician - WC60,8/5/1995,S,M,3/5/2018,0,16,28,1,1,3/5/2018,NULL,00:00.0,Production,Manufacturing
38,7,00:00.0,12.45,1,adventure-works\kim1,4,Production Technician - WC60,12/12/1975,M,F,1/14/2019,0,24,32,1,1,1/14/2019,NULL,00:00.0,Production,Manufacturing
39,7,00:00.0,12.45,1,adventure-works\ed0,4,Production Technician - WC60,9/8/1980,S,M,2/3/2019,0,25,32,1,1,2/3/2019,NULL,00:00.0,Production,Manufacturing
47,7,00:00.0,25,2,adventure-works\andrew0,3,Production Supervisor - WC10,9/4/1997,S,M,2/20/2018,0,65,52,1,1,2/20/2018,NULL,00:00.0,Production,Manufacturing
48,7,00:00.0,13.45,1,adventure-works\ruth0,4,Production Technician - WC10,6/2/1965,M,F,1/3/2017,0,83,61,1,1,1/3/2017,NULL,00:00.0,Production,Manufacturing
49,7,00:00.0,13.45,1,adventure-works\barry0,4,Production Technician - WC10,3/24/1965,S,M,1/4/2017,0,88,64,1,1,1/4/2017,NULL,00:00.0,Production,Manufacturing
50,7,00:00.0,13.45,1,adventure-works\sidney0,4,Production Technician - WC10,8/28/1965,M,M,1/30/2017,0,84,62,1,1,1/30/2017,NULL,00:00.0,Production,Manufacturing
51,7,00:00.0,13.45,1,adventure-works\jeffrey0,4,Production Technician - WC10,7/9/1965,S,M,2/17/2017,0,85,62,1,1,2/17/2017,NULL,00:00.0,Production,Manufacturing
52,7,00:00.0,13.45,1,adventure-works\doris0,4,Production Technician - WC10,4/2/1965,M,F,3/8/2017,0,86,63,1,1,3/8/2017,NULL,00:00.0,Production,Manufacturing
53,7,00:00.0,13.45,1,adventure-works\diane0,4,Production Technician - WC10,3/27/1965,M,F,3/26/2017,0,87,63,1,1,3/26/2017,NULL,00:00.0,Production,Manufacturing
54,7,00:00.0,13.45,1,adventure-works\bonnie0,4,Production Technician - WC10,9/8/1995,M,F,12/30/2018,0,89,64,1,1,12/30/2018,NULL,00:00.0,Production,Manufacturing
108,7,00:00.0,25,2,adventure-works\jinghao0,3,Production Supervisor - WC50,2/3/1998,S,M,12/6/2017,0,77,58,1,1,12/6/2017,NULL,00:00.0,Production,Manufacturing
109,7,00:00.0,11,1,adventure-works\alice0,4,Production Technician - WC50,1/24/1987,M,F,12/5/2017,0,95,67,1,1,12/5/2017,NULL,00:00.0,Production,Manufacturing
110,7,00:00.0,11,1,adventure-works\jun0,4,Production Technician - WC50,7/3/1988,S,M,12/12/2017,0,90,65,1,1,12/12/2017,NULL,00:00.0,Production,Manufacturing
111,7,00:00.0,11,1,adventure-works\suroor0,4,Production Technician - WC50,2/23/1987,S,M,12/15/2017,0,93,66,1,1,12/15/2017,NULL,00:00.0,Production,Manufacturing
112,7,00:00.0,11,1,adventure-works\john1,4,Production Technician - WC50,5/29/1987,S,M,12/30/2017,0,91,65,1,1,12/30/2017,NULL,00:00.0,Production,Manufacturing
113,7,00:00.0,11,1,adventure-works\linda0,4,Production Technician - WC50,7/14/1996,M,F,12/23/2017,0,96,68,1,1,12/23/2017,NULL,00:00.0,Production,Manufacturing
114,7,00:00.0,11,1,adventure-works\mindaugas0,4,Production Technician - WC50,5/5/1987,M,M,1/11/2018,0,97,68,1,1,1/11/2018,NULL,00:00.0,Production,Manufacturing
115,7,00:00.0,11,1,adventure-works\angela0,4,Production Technician - WC50,5/28/2000,S,F,1/18/2018,0,92,66,1,1,1/18/2018,NULL,00:00.0,Production,Manufacturing
116,7,00:00.0,11,1,adventure-works\michael2,4,Production Technician - WC50,5/1/1983,S,M,1/29/2018,0,98,69,1,1,1/29/2018,NULL,00:00.0,Production,Manufacturing
117,7,00:00.0,11,1,adventure-works\chad0,4,Production Technician - WC50,8/2/1999,M,M,2/16/2018,0,99,69,1,1,2/16/2018,NULL,00:00.0,Production,Manufacturing
118,7,00:00.0,11,1,adventure-works\don0,4,Production Technician - WC50,6/10/1980,M,M,2/11/2018,0,88,64,1,1,2/11/2018,NULL,00:00.0,Production,Manufacturing
119,7,00:00.0,11,1,adventure-works\michael4,4,Production Technician - WC50,6/13/1998,S,M,2/23/2018,0,94,67,1,1,2/23/2018,NULL,00:00.0,Production,Manufacturing
120,7,00:00.0,11,1,adventure-works\kitti0,4,Production Technician - WC50,6/3/1996,S,F,3/2/2018,0,89,64,1,1,3/2/2018,NULL,00:00.0,Production,Manufacturing
134,7,00:00.0,25,2,adventure-works\eric0,3,Production Supervisor - WC20,1/17/1994,M,M,1/12/2018,0,40,40,1,1,1/12/2018,NULL,00:00.0,Production,Manufacturing
135,7,00:00.0,14,1,adventure-works\ivo0,4,Production Technician - WC20,1/1/1991,M,M,12/2/2017,0,9,24,1,1,12/2/2017,NULL,00:00.0,Production,Manufacturing
136,7,00:00.0,14,1,adventure-works\sylvester0,4,Production Technician - WC20,11/10/1979,M,M,12/9/2018,0,4,22,1,1,12/9/2018,NULL,00:00.0,Production,Manufacturing
137,7,00:00.0,14,1,adventure-works\anibal0,4,Production Technician - WC20,9/3/1983,S,F,2/21/2018,0,8,24,1,1,2/21/2018,NULL,00:00.0,Production,Manufacturing
138,7,00:00.0,14,1,adventure-works\samantha0,4,Production Technician - WC20,11/19/1996,M,F,2/2/2018,0,7,23,1,1,2/2/2018,NULL,00:00.0,Production,Manufacturing
139,7,00:00.0,14,1,adventure-works\hung-fu0,4,Production Technician - WC20,10/20/1980,S,M,1/4/2019,0,0,20,1,1,1/4/2019,NULL,00:00.0,Production,Manufacturing
140,7,00:00.0,14,1,adventure-works\prasanna0,4,Production Technician - WC20,4/28/1962,M,M,1/20/2019,0,5,22,1,1,1/20/2019,NULL,00:00.0,Production,Manufacturing
141,7,00:00.0,14,1,adventure-works\min0,4,Production Technician - WC20,9/8/1983,M,M,1/22/2019,0,1,20,1,1,1/22/2019,NULL,00:00.0,Production,Manufacturing
142,7,00:00.0,14,1,adventure-works\olinda0,4,Production Technician - WC20,4/2/1979,S,F,3/2/2019,0,3,21,1,1,3/2/2019,NULL,00:00.0,Production,Manufacturing
143,7,00:00.0,14,1,adventure-works\krishna0,4,Production Technician - WC20,9/2/1980,S,M,2/11/2019,0,2,21,1,1,2/11/2019,NULL,00:00.0,Production,Manufacturing
144,7,00:00.0,14,1,adventure-works\paul1,4,Production Technician - WC20,11/2/1999,M,M,1/15/2018,0,6,23,1,1,1/15/2018,NULL,00:00.0,Production,Manufacturing
160,7,00:00.0,25,2,adventure-works\jeff0,3,Production Supervisor - WC45,1/13/1986,M,M,1/19/2018,0,74,57,1,1,1/19/2018,NULL,00:00.0,Production,Manufacturing
161,7,00:00.0,10,1,adventure-works\kirk0,4,Production Technician - WC45,2/4/1994,S,M,12/13/2017,0,74,57,1,1,12/13/2017,NULL,00:00.0,Production,Manufacturing
162,7,00:00.0,10,1,adventure-works\laura0,4,Production Technician - WC45,12/23/1989,S,F,1/1/2018,0,75,57,1,1,1/1/2018,NULL,00:00.0,Production,Manufacturing
163,7,00:00.0,10,1,adventure-works\alex0,4,Production Technician - WC45,4/11/1999,M,M,2/6/2018,0,77,58,1,1,2/6/2018,NULL,00:00.0,Production,Manufacturing
164,7,00:00.0,10,1,adventure-works\andrew1,4,Production Technician - WC45,9/22/1997,S,M,3/4/2018,0,73,56,1,1,3/4/2018,NULL,00:00.0,Production,Manufacturing
165,7,00:00.0,10,1,adventure-works\chris0,4,Production Technician - WC45,12/14/1997,M,M,1/20/2018,0,76,58,1,1,1/20/2018,NULL,00:00.0,Production,Manufacturing
166,7,00:00.0,25,2,adventure-works\jack0,3,Production Supervisor - WC30,6/19/1992,S,M,2/19/2018,0,68,54,1,1,2/19/2018,NULL,00:00.0,Production,Manufacturing
167,7,00:00.0,6.5,1,adventure-works\david1,4,Production Technician - WC30,10/30/1988,S,M,11/30/2017,0,25,32,1,1,11/30/2017,NULL,00:00.0,Production,Manufacturing
168,7,00:00.0,9.5,1,adventure-works\garrett0,4,Production Technician - WC30,8/23/1993,S,M,12/5/2017,0,34,37,1,1,12/5/2017,NULL,00:00.0,Production,Manufacturing
169,7,00:00.0,9.5,1,adventure-works\susan1,4,Production Technician - WC30,3/30/1992,S,F,12/12/2017,0,31,35,1,1,12/12/2017,NULL,00:00.0,Production,Manufacturing
170,7,00:00.0,6.5,1,adventure-works\george0,4,Production Technician - WC30,4/14/1986,M,M,12/19/2017,0,26,33,1,1,12/19/2017,NULL,00:00.0,Production,Manufacturing
171,7,00:00.0,9.5,1,adventure-works\david3,4,Production Technician - WC30,8/1/1990,S,M,12/31/2017,0,32,36,1,1,12/31/2017,NULL,00:00.0,Production,Manufacturing
172,7,00:00.0,6.5,1,adventure-works\marc0,4,Production Technician - WC30,10/22/1995,M,M,1/14/2018,0,22,31,1,1,1/14/2018,NULL,00:00.0,Production,Manufacturing
173,7,00:00.0,9.5,1,adventure-works\eugene0,4,Production Technician - WC30,7/12/1996,S,M,1/19/2018,0,33,36,1,1,1/19/2018,NULL,00:00.0,Production,Manufacturing
174,7,00:00.0,6.75,1,adventure-works\benjamin0,4,Production Technician - WC30,1/3/1995,S,M,1/25/2018,0,28,34,1,1,1/25/2018,NULL,00:00.0,Production,Manufacturing
175,7,00:00.0,6.5,1,adventure-works\reed0,4,Production Technician - WC30,1/6/1998,M,M,1/31/2018,0,23,31,1,1,1/31/2018,NULL,00:00.0,Production,Manufacturing
176,7,00:00.0,6.5,1,adventure-works\david7,4,Production Technician - WC30,9/21/1994,M,M,2/12/2018,0,29,34,1,1,2/12/2018,NULL,00:00.0,Production,Manufacturing
177,7,00:00.0,6.5,1,adventure-works\russell1,4,Production Technician - WC30,2/9/1991,M,M,2/19/2018,0,24,32,1,1,2/19/2018,NULL,00:00.0,Production,Manufacturing
178,7,00:00.0,6.5,1,adventure-works\john3,4,Production Technician - WC30,3/22/1991,S,M,3/1/2018,0,27,33,1,1,3/1/2018,NULL,00:00.0,Production,Manufacturing
179,7,00:00.0,9.5,1,adventure-works\jan0,4,Production Technician - WC30,11/13/1983,S,M,3/3/2018,0,30,35,1,1,3/3/2018,NULL,00:00.0,Production,Manufacturing
192,7,00:00.0,25,2,adventure-works\brenda0,3,Production Supervisor - WC40,2/26/1992,M,F,3/3/2018,0,71,55,1,1,3/3/2018,NULL,00:00.0,Production,Manufacturing
193,7,00:00.0,15,1,adventure-works\alejandro0,4,Production Technician - WC40,12/3/1997,S,M,12/4/2017,0,52,46,1,1,12/4/2017,NULL,00:00.0,Production,Manufacturing
194,7,00:00.0,15,1,adventure-works\fred0,4,Production Technician - WC40,6/23/1998,S,M,12/10/2017,0,47,43,1,1,12/10/2017,NULL,00:00.0,Production,Manufacturing
195,7,00:00.0,15,1,adventure-works\kevin1,4,Production Technician - WC40,12/23/1994,S,M,12/15/2017,0,58,49,1,1,12/15/2017,NULL,00:00.0,Production,Manufacturing
196,7,00:00.0,15,1,adventure-works\shammi0,4,Production Technician - WC40,10/2/1989,M,M,12/22/2017,0,53,46,1,1,12/22/2017,NULL,00:00.0,Production,Manufacturing
197,7,00:00.0,15,1,adventure-works\rajesh0,4,Production Technician - WC40,10/2/1986,M,M,12/29/2017,0,48,44,1,1,12/29/2017,NULL,00:00.0,Production,Manufacturing
198,7,00:00.0,15,1,adventure-works\lorraine0,4,Production Technician - WC40,11/24/1997,M,F,1/2/2018,0,49,44,1,1,1/2/2018,NULL,00:00.0,Production,Manufacturing
199,7,00:00.0,15,1,adventure-works\paula1,4,Production Technician - WC40,2/8/1996,M,F,1/10/2018,0,54,47,1,1,1/10/2018,NULL,00:00.0,Production,Manufacturing
200,7,00:00.0,15,1,adventure-works\frank0,4,Production Technician - WC40,9/3/1996,M,M,1/15/2018,0,56,48,1,1,1/15/2018,NULL,00:00.0,Production,Manufacturing
201,7,00:00.0,15,1,adventure-works\brian0,4,Production Technician - WC40,2/8/1986,S,M,1/27/2018,0,55,47,1,1,1/27/2018,NULL,00:00.0,Production,Manufacturing
202,7,00:00.0,15,1,adventure-works\tawana0,4,Production Technician - WC40,11/8/1998,S,M,2/3/2018,0,50,45,1,1,2/3/2018,NULL,00:00.0,Production,Manufacturing
203,7,00:00.0,15,1,adventure-works\ken1,4,Production Technician - WC40,5/26/1990,M,M,2/22/2018,0,51,45,1,1,2/22/2018,NULL,00:00.0,Production,Manufacturing
204,7,00:00.0,15,1,adventure-works\gabe0,4,Production Technician - WC40,5/8/1997,M,M,3/6/2018,0,57,48,1,1,3/6/2018,NULL,00:00.0,Production,Manufacturing
224,7,00:00.0,8.62,2,adventure-works\william0,3,Scheduling Assistant,11/4/1990,M,M,1/5/2018,0,45,42,1,1,1/5/2018,8/28/2020,00:00.0,Production,Manufacturing
26,8,00:00.0,24.5192,2,adventure-works\peter0,2,Production Control Manager,11/1/1991,M,M,11/29/2017,1,43,41,1,1,11/29/2017,NULL,00:00.0,Production Control,Manufacturing
222,8,00:00.0,23.5577,2,adventure-works\ascott0,2,Master Scheduler,9/15/1977,S,M,12/10/2017,0,44,42,1,1,12/10/2017,NULL,00:00.0,Production Control,Manufacturing
223,8,00:00.0,16,2,adventure-works\sairaj0,3,Scheduling Assistant,12/19/1996,M,M,1/24/2018,0,46,43,1,1,1/24/2018,NULL,00:00.0,Production Control,Manufacturing
224,8,00:00.0,8.62,2,adventure-works\william0,3,Scheduling Assistant,11/4/1990,M,M,1/5/2018,0,45,42,1,1,8/29/2020,NULL,00:00.0,Production Control,Manufacturing
224,8,00:00.0,13.5,2,adventure-works\william0,3,Scheduling Assistant,11/4/1990,M,M,1/5/2018,0,45,42,1,1,8/29/2020,NULL,00:00.0,Production Control,Manufacturing
235,9,00:00.0,27.1394,2,adventure-works\paula0,2,Human Resources Manager,2/8/1985,M,F,12/4/2017,1,54,47,1,1,12/4/2017,NULL,00:00.0,Human Resources,Executive General and Administration
236,9,00:00.0,13.9423,2,adventure-works\grant0,3,Human Resources Administrative Assistant,4/14/1985,S,M,2/23/2018,0,53,46,1,1,2/23/2018,NULL,00:00.0,Human Resources,Executive General and Administration
237,9,00:00.0,13.9423,2,adventure-works\hao0,3,Human Resources Administrative Assistant,4/15/1986,S,M,2/4/2018,0,52,46,1,1,2/4/2018,NULL,00:00.0,Human Resources,Executive General and Administration
238,9,00:00.0,18.2692,2,adventure-works\vidur0,3,Recruiter,7/30/1993,S,M,12/30/2017,0,50,45,1,1,12/30/2017,NULL,00:00.0,Human Resources,Executive General and Administration
239,9,00:00.0,16.5865,2,adventure-works\mindy0,3,Benefits Specialist,11/18/1993,M,F,12/23/2017,0,51,45,1,1,12/23/2017,NULL,00:00.0,Human Resources,Executive General and Administration
240,9,00:00.0,18.2692,2,adventure-works\willis0,3,Recruiter,7/16/1987,S,M,12/11/2017,0,49,44,1,1,12/11/2017,NULL,00:00.0,Human Resources,Executive General and Administration
234,10,00:00.0,39.06,2,adventure-works\laura1,1,Chief Financial Officer,1/3/1985,M,F,1/29/2018,1,0,20,1,1,1/29/2018,11/11/2022,00:00.0,Finance,Executive General and Administration
241,10,00:00.0,34.7356,2,adventure-works\david6,2,Accounts Manager,7/5/1992,M,M,1/28/2018,1,57,48,1,1,1/28/2018,NULL,00:00.0,Finance,Executive General and Administration
242,10,00:00.0,19,2,adventure-works\deborah0,3,Accounts Receivable Specialist,3/4/1985,M,F,12/16/2017,0,60,50,1,1,12/16/2017,NULL,00:00.0,Finance,Executive General and Administration
243,10,00:00.0,19,2,adventure-works\candy0,3,Accounts Receivable Specialist,2/20/1985,S,F,1/4/2018,0,61,50,1,1,1/4/2018,NULL,00:00.0,Finance,Executive General and Administration
244,10,00:00.0,19,2,adventure-works\bryan1,3,Accounts Receivable Specialist,9/18/1993,S,M,1/22/2018,0,62,51,1,1,1/22/2018,NULL,00:00.0,Finance,Executive General and Administration
245,10,00:00.0,26.4423,2,adventure-works\barbara1,3,Accountant,1/1/1985,M,F,2/16/2018,1,58,49,1,1,2/16/2018,NULL,00:00.0,Finance,Executive General and Administration
246,10,00:00.0,19,2,adventure-works\dragan0,3,Accounts Payable Specialist,2/12/1986,M,M,2/9/2018,0,63,51,1,1,2/9/2018,NULL,00:00.0,Finance,Executive General and Administration
247,10,00:00.0,19,2,adventure-works\janet0,3,Accounts Payable Specialist,3/6/1988,M,F,2/27/2018,0,64,52,1,1,2/27/2018,NULL,00:00.0,Finance,Executive General and Administration
248,10,00:00.0,26.4423,2,adventure-works\mike0,3,Accountant,6/28/1988,S,M,3/6/2018,1,59,49,1,1,3/6/2018,NULL,00:00.0,Finance,Executive General and Administration
249,10,00:00.0,43.2692,2,adventure-works\wendy0,2,Finance Manager,10/9/1993,S,F,12/23/2017,1,55,47,1,1,12/23/2017,NULL,00:00.0,Finance,Executive General and Administration
262,10,00:00.0,13.4615,2,adventure-works\david5,2,Assistant to the Chief Financial Officer,6/19/1973,S,M,1/10/2018,0,56,48,1,1,1/10/2018,NULL,00:00.0,Finance,Executive General and Administration
263,11,00:00.0,50.4808,2,adventure-works\jean0,1,Information Services Manager,12/10/1984,S,F,12/9/2017,1,65,52,1,1,12/9/2017,NULL,00:00.0,Information Services,Executive General and Administration
264,11,00:00.0,39.6635,2,adventure-works\stephanie0,2,Network Manager,3/23/1993,S,F,2/2/2018,1,68,54,1,1,2/2/2018,NULL,00:00.0,Information Services,Executive General and Administration
266,11,00:00.0,32.4519,2,adventure-works\peter1,3,Network Administrator,5/26/1989,S,M,2/21/2018,0,69,54,1,1,2/21/2018,NULL,00:00.0,Information Services,Executive General and Administration
267,11,00:00.0,27.4038,2,adventure-works\karen1,2,Application Specialist,5/17/1987,S,F,2/14/2018,1,74,57,1,1,2/14/2018,NULL,00:00.0,Information Services,Executive General and Administration
268,11,00:00.0,27.4038,2,adventure-works\ramesh0,2,Application Specialist,3/11/1997,S,M,2/1/2018,1,73,56,1,1,2/1/2018,NULL,00:00.0,Information Services,Executive General and Administration
269,11,00:00.0,27.4038,2,adventure-works\dan0,2,Application Specialist,5/23/1996,M,M,1/9/2018,1,72,56,1,1,1/9/2018,NULL,00:00.0,Information Services,Executive General and Administration
270,11,00:00.0,38.4615,2,adventure-works\françois0,2,Database Administrator,5/14/1984,S,M,1/15/2018,1,67,53,1,1,1/15/2018,NULL,00:00.0,Information Services,Executive General and Administration
271,11,00:00.0,38.4615,2,adventure-works\dan1,2,Database Administrator,1/3/1985,M,M,1/20/2018,1,66,53,1,1,1/20/2018,NULL,00:00.0,Information Services,Executive General and Administration
272,11,00:00.0,27.4038,2,adventure-works\janaina0,2,Application Specialist,1/28/1994,M,F,12/21/2017,1,71,55,1,1,12/21/2017,NULL,00:00.0,Information Services,Executive General and Administration
217,12,00:00.0,17.7885,2,adventure-works\zainal0,3,Document Control Manager,1/27/1985,M,M,1/2/2018,0,77,58,1,1,1/2/2018,NULL,00:00.0,Document Control,Quality Assurance
219,12,00:00.0,10.25,2,adventure-works\sean1,4,Document Control Assistant,3/9/1996,S,M,1/20/2018,0,78,59,1,1,1/20/2018,NULL,00:00.0,Document Control,Quality Assurance
220,12,00:00.0,10.25,2,adventure-works\karen0,4,Document Control Assistant,12/22/1984,M,F,2/7/2018,0,79,59,1,1,2/7/2018,NULL,00:00.0,Document Control,Quality Assurance
211,13,00:00.0,28.8462,2,adventure-works\hazem0,2,Quality Assurance Manager,10/24/1986,S,M,2/26/2018,1,80,60,1,1,2/26/2018,NULL,00:00.0,Quality Assurance,Quality Assurance
212,13,00:00.0,21.6346,2,adventure-works\peng0,3,Quality Assurance Supervisor,3/16/1985,M,M,12/7/2017,1,81,60,1,1,12/7/2017,NULL,00:00.0,Quality Assurance,Quality Assurance
215,13,00:00.0,10.5769,2,adventure-works\mark0,4,Quality Assurance Technician,4/28/1995,S,M,1/13/2018,0,83,61,1,1,1/13/2018,NULL,00:00.0,Quality Assurance,Quality Assurance
216,13,00:00.0,10.5769,2,adventure-works\sean0,4,Quality Assurance Technician,3/4/1985,S,M,12/26/2017,0,82,61,1,1,12/26/2017,NULL,00:00.0,Quality Assurance,Quality Assurance
250,13,00:00.0,9.86,2,adventure-works\sheela0,3,Purchasing Manager,2/8/1987,S,F,2/23/2020,1,49,44,1,1,7/28/2020,7/12/2021,00:00.0,Quality Assurance,Quality Assurance
250,13,00:00.0,22.5,2,adventure-works\sheela0,3,Purchasing Manager,2/8/1987,S,F,2/23/2020,1,49,44,1,1,7/28/2020,7/12/2021,00:00.0,Quality Assurance,Quality Assurance
227,14,00:00.0,24.0385,2,adventure-works\gary1,2,Facilities Manager,2/16/1980,M,M,11/30/2018,1,86,63,1,1,11/30/2018,NULL,00:00.0,Facilities and Maintenance,Executive General and Administration
228,14,00:00.0,20.4327,2,adventure-works\christian0,3,Maintenance Supervisor,1/15/1985,M,M,12/12/2017,1,92,66,1,1,12/12/2017,NULL,00:00.0,Facilities and Maintenance,Executive General and Administration
233,14,00:00.0,9.75,2,adventure-works\magnus0,3,Facilities Administrative Assistant,8/24/1980,M,M,12/19/2018,0,87,63,1,1,12/19/2018,NULL,00:00.0,Facilities and Maintenance,Executive General and Administration
121,15,00:00.0,19.2308,2,adventure-works\pilar0,3,Shipping and Receiving Supervisor,9/7/1981,S,M,12/31/2017,1,93,66,1,1,12/31/2017,NULL,00:00.0,Shipping and Receiving,Inventory Management
125,15,00:00.0,9.5,2,adventure-works\matthias0,4,Shipping and Receiving Clerk,11/9/1982,M,M,1/18/2018,0,94,67,1,1,1/18/2018,NULL,00:00.0,Shipping and Receiving,Inventory Management
126,15,00:00.0,9,1,adventure-works\jimmy0,4,Stocker,5/2/1994,M,M,2/24/2018,0,96,68,1,1,2/24/2018,NULL,00:00.0,Shipping and Receiving,Inventory Management
1,16,00:00.0,125.5,2,adventure-works\ken0,NULL,Chief Executive Officer,1/27/1978,S,M,1/12/2018,1,99,69,1,1,1/12/2018,NULL,00:00.0,Executive,Executive General and Administration
234,16,00:00.0,39.06,2,adventure-works\laura1,1,Chief Financial Officer,1/3/1985,M,F,1/29/2018,1,0,20,1,1,11/12/2022,NULL,00:00.0,Executive,Executive General and Administration
234,16,00:00.0,48.5577,2,adventure-works\laura1,1,Chief Financial Officer,1/3/1985,M,F,1/29/2018,1,0,20,1,1,11/12/2022,NULL,00:00.0,Executive,Executive General and Administration
234,16,00:00.0,60.0962,2,adventure-works\laura1,1,Chief Financial Officer,1/3/1985,M,F,1/29/2018,1,0,20,1,1,11/12/2022,NULL,00:00.0,Executive,Executive General and Administration
